City_ID,City,Lat,Lng,Max Temp,Humidity,Cloudiness,Wind Speed,Country,Date
0,Bredasdorp,-34.5322,20.0403,64.76,81,3,2.3,ZA,2023-01-13 21:31:16
1,Bluefields,12.0137,-83.7635,84.27,74,40,9.22,NI,2023-01-13 21:31:16
2,Saint-Joseph,-21.3667,55.6167,75.58,80,96,9.01,RE,2023-01-13 21:31:16
3,Sawtell,-30.3833,153.1,73.42,73,88,5.75,AU,2023-01-13 21:31:17
4,Busselton,-33.65,115.3333,56.03,69,0,13.29,AU,2023-01-13 21:31:17
5,Barrow,71.2906,-156.7887,-2.18,71,0,21.85,US,2023-01-13 21:27:05
6,Selty,57.3132,52.1345,13.15,87,100,13.58,RU,2023-01-13 21:31:18
7,Jamestown,42.097,-79.2353,26.19,72,100,11.5,US,2023-01-13 21:29:05
8,Isangel,-19.55,169.2667,82.51,74,20,2.3,VU,2023-01-13 21:31:19
9,Yellowknife,62.456,-114.3525,-10.44,77,75,8.05,CA,2023-01-13 21:31:19
10,Cape Town,-33.9258,18.4232,68.11,75,20,16.11,ZA,2023-01-13 21:28:48
11,Georgetown,5.4112,100.3354,78.75,94,40,3.44,MY,2023-01-13 21:31:20
12,Tuatapere,-46.1333,167.6833,63.48,59,72,3.09,NZ,2023-01-13 21:31:21
13,Karratha,-20.7377,116.8463,91.72,21,12,16.42,AU,2023-01-13 21:31:21
14,Sitka,57.0531,-135.33,42.69,75,20,9.22,US,2023-01-13 21:31:22
15,Lasa,46.6166,10.7002,38.28,87,37,5.99,IT,2023-01-13 21:31:22
16,Atuona,-9.8,-139.0333,77.68,71,32,8.39,PF,2023-01-13 21:31:23
17,Hofn,64.2539,-15.2082,26.06,81,100,15.21,IS,2023-01-13 21:31:23
18,Pimentel,-6.8367,-79.9342,75.49,64,75,26.46,PE,2023-01-13 21:31:24
19,Nurmijarvi,60.4641,24.8073,37.45,98,100,21.85,FI,2023-01-13 21:31:24
20,Punta Arenas,-53.15,-70.9167,57.31,44,20,42.57,CL,2023-01-13 21:29:14
21,Port Lincoln,-34.7333,135.8667,76.91,55,0,3.22,AU,2023-01-13 21:31:25
22,Butaritari,3.0707,172.7902,80.98,79,71,16.13,KI,2023-01-13 21:31:25
23,Vaini,-21.2,-175.2,86.16,79,40,9.22,TO,2023-01-13 21:31:26
24,Isla Vista,34.4133,-119.861,66.31,63,100,8.05,US,2023-01-13 21:31:27
25,Albany,42.6001,-73.9662,35.38,78,98,1.99,US,2023-01-13 21:31:27
26,Mataura,-46.1927,168.8643,65.46,50,47,1.74,NZ,2023-01-13 21:31:28
27,Grong,64.4654,12.3149,31.28,96,99,1.25,NO,2023-01-13 21:31:29
28,Kapaa,22.0752,-159.319,80.58,67,0,9.22,US,2023-01-13 21:31:29
29,Khatanga,71.9667,102.5,-48.68,100,100,2.53,RU,2023-01-13 21:31:30
30,Khorramshahr,30.4397,48.1664,51.76,100,9,4.61,IR,2023-01-13 21:31:30
31,Saint-Philippe,-21.3585,55.7679,76.59,81,99,10.31,RE,2023-01-13 21:31:31
32,Castro,-24.7911,-50.0119,67.37,97,90,5.44,BR,2023-01-13 21:31:31
33,Adrar,20.5022,-10.0711,64.69,16,1,11.16,MR,2023-01-13 21:31:32
34,Codrington,-38.2667,141.9667,73.69,56,0,9.42,AU,2023-01-13 21:31:32
35,Puerto Ayora,-0.7393,-90.3518,82.36,86,63,4.0,EC,2023-01-13 21:27:59
36,Saa,4.3667,11.45,70.43,32,8,2.66,CM,2023-01-13 21:31:33
37,Esperance,-33.8667,121.9,62.55,62,44,17.74,AU,2023-01-13 21:31:33
38,Namibe,-15.1961,12.1522,74.84,80,64,5.28,AO,2023-01-13 21:31:34
39,Vao,-22.6667,167.4833,77.77,64,84,11.74,NC,2023-01-13 21:31:34
40,Guerrero Negro,27.9769,-114.0611,70.84,33,5,14.14,MX,2023-01-13 21:31:35
41,Culver City,34.0211,-118.3965,69.73,64,0,11.5,US,2023-01-13 21:28:56
42,Bambous Virieux,-20.3428,57.7575,77.25,73,40,4.61,MU,2023-01-13 21:31:35
43,Axim,4.8699,-2.2405,80.17,79,41,8.55,GH,2023-01-13 21:31:36
44,Mahebourg,-20.4081,57.7,77.29,73,40,4.61,MU,2023-01-13 21:31:36
45,Tezu,27.9167,96.1667,56.79,42,92,3.85,IN,2023-01-13 21:32:36
46,Gladstone,-23.85,151.25,71.53,88,100,9.22,AU,2023-01-13 21:32:37
47,Geraldton,-28.7667,114.6,68.41,83,3,16.11,AU,2023-01-13 21:29:17
48,Ushuaia,-54.8,-68.3,53.26,58,40,34.52,AR,2023-01-13 21:32:37
49,Paamiut,61.994,-49.6678,9.16,62,85,14.7,GL,2023-01-13 21:32:38
50,Almaznyy,48.0448,40.045,25.05,93,100,14.97,RU,2023-01-13 21:32:38
51,Krasnyye Barrikady,46.2045,47.8535,19.36,58,40,20.13,RU,2023-01-13 21:32:39
52,Qaanaaq,77.484,-69.3632,1.83,73,100,4.68,GL,2023-01-13 21:32:39
53,Kodiak,57.79,-152.4072,38.71,93,100,12.66,US,2023-01-13 21:32:40
54,Nikolskoye,59.7035,30.7861,33.8,97,100,11.18,RU,2023-01-13 21:32:40
55,Manica,49.0,-1.1667,45.75,91,100,7.72,FR,2023-01-13 21:32:40
56,Muros,42.7762,-9.0603,56.68,93,100,14.36,ES,2023-01-13 21:32:41
57,Okhotsk,59.3833,143.3,-29.72,83,51,16.08,RU,2023-01-13 21:32:41
58,Constitucion,-35.3333,-72.4167,65.66,62,7,15.99,CL,2023-01-13 21:32:42
59,Thompson,55.7435,-97.8558,17.76,93,100,5.75,CA,2023-01-13 21:32:42
60,Sioux Lookout,50.1001,-91.917,12.27,79,100,6.91,CA,2023-01-13 21:32:42
61,Braniewo,54.3797,19.8196,43.09,83,84,16.4,PL,2023-01-13 21:32:43
62,Coihaique,-45.5752,-72.0662,64.35,48,75,8.05,CL,2023-01-13 21:32:43
63,Laguna,38.421,-121.4238,54.05,91,100,16.11,US,2023-01-13 21:32:44
64,Acapulco,16.8634,-99.8901,84.02,58,0,12.66,MX,2023-01-13 21:31:02
65,Ternate,0.8,127.4,80.13,78,97,6.62,ID,2023-01-13 21:32:44
66,Baruun-Urt,46.6806,113.2792,-17.64,91,5,6.67,MN,2023-01-13 21:32:45
67,Tiksi,71.6872,128.8694,-30.78,97,100,8.77,RU,2023-01-13 21:32:45
68,Lompoc,34.6391,-120.4579,64.02,83,75,8.05,US,2023-01-13 21:32:46
69,Cuamba,-14.8031,36.5372,68.47,97,98,2.44,MZ,2023-01-13 21:32:46
70,Gorontalo,0.5412,123.0595,74.35,94,98,2.62,ID,2023-01-13 21:32:46
71,Rikitea,-23.1203,-134.9692,78.26,74,0,16.82,PF,2023-01-13 21:32:47
72,Bluff,-46.6,168.3333,58.21,69,54,2.48,NZ,2023-01-13 21:32:47
73,Mount Gambier,-37.8333,140.7667,77.83,30,3,5.97,AU,2023-01-13 21:30:06
74,Nobeoka,32.5833,131.6667,61.21,97,100,4.12,JP,2023-01-13 21:32:48
75,Port Elizabeth,-33.918,25.5701,69.31,84,0,8.05,ZA,2023-01-13 21:32:48
76,Ribeira Grande,38.5167,-28.7,63.77,94,40,28.01,PT,2023-01-13 21:32:49
77,Katihar,25.5333,87.5833,56.77,59,0,3.09,IN,2023-01-13 21:32:49
78,Hualmay,-11.0964,-77.6139,72.57,72,34,10.71,PE,2023-01-13 21:32:49
79,Abu Kamal,34.4506,40.9171,48.36,52,100,7.56,SY,2023-01-13 21:32:50
80,Avarua,-21.2078,-159.775,80.65,61,20,6.91,CK,2023-01-13 21:32:04
81,Sur,22.5667,59.5289,66.38,52,7,19.48,OM,2023-01-13 21:28:47
82,Fereydun Kenar,36.6864,52.5225,40.32,61,10,3.62,IR,2023-01-13 21:32:51
83,Bilibino,68.0546,166.4372,-25.51,97,84,4.23,RU,2023-01-13 21:32:51
84,New Norfolk,-42.7826,147.0587,69.93,59,0,3.4,AU,2023-01-13 21:32:51
85,Ahipara,-35.1667,173.1667,70.86,69,7,3.96,NZ,2023-01-13 21:32:52
86,Araouane,18.9048,-3.5265,70.21,12,93,9.71,ML,2023-01-13 21:32:52
87,Upernavik,72.7868,-56.1549,0.84,63,100,6.8,GL,2023-01-13 21:32:52
88,Pacifica,37.6138,-122.4869,59.41,93,100,12.66,US,2023-01-13 21:32:53
89,Buritis,-15.6178,-46.4233,73.44,89,100,2.68,BR,2023-01-13 21:32:53
90,Cherskiy,68.75,161.3,-33.38,99,100,2.89,RU,2023-01-13 21:32:54
91,Dunedin,-45.8742,170.5036,60.82,62,15,3.65,NZ,2023-01-13 21:30:55
92,Cravo Norte,6.3017,-70.2041,85.75,51,100,4.54,CO,2023-01-13 21:32:54
93,Kushmurun,52.4503,64.6311,7.79,88,98,8.19,KZ,2023-01-13 21:33:55
94,Pinili,17.9517,120.5278,71.22,81,99,2.59,PH,2023-01-13 21:33:55
95,Batagay-Alyta,67.8006,130.4114,-33.41,100,100,0.76,RU,2023-01-13 21:33:55
96,Dikson,73.5069,80.5464,-34.56,92,16,5.48,RU,2023-01-13 21:33:56
97,Hovd,48.0056,91.6419,-7.33,75,23,1.45,MN,2023-01-13 21:33:56
98,Provideniya,64.3833,-173.3,2.12,91,15,9.73,RU,2023-01-13 21:33:56
99,Cabo San Lucas,22.8909,-109.9124,87.1,57,0,8.05,MX,2023-01-13 21:30:47
100,Tammisaari,59.9736,23.4339,40.1,99,93,16.06,FI,2023-01-13 21:33:57
101,Hilo,19.7297,-155.09,80.33,57,0,5.99,US,2023-01-13 21:32:49
102,Hermanus,-34.4187,19.2345,65.12,84,0,4.29,ZA,2023-01-13 21:33:58
103,Pingliang,35.5392,106.6861,14.47,64,100,16.42,CN,2023-01-13 21:33:58
104,Riyadh,24.6877,46.7219,53.74,78,43,9.13,SA,2023-01-13 21:30:08
105,Fortuna,40.5982,-124.1573,58.66,89,100,21.85,US,2023-01-13 21:32:01
106,Vigrestad,58.5667,5.7,39.58,80,67,19.82,NO,2023-01-13 21:33:59
107,Touba,8.2833,-7.6833,76.33,20,4,0.65,CI,2023-01-13 21:33:59
108,Hamilton,39.1834,-84.5333,34.23,85,100,8.99,US,2023-01-13 21:30:31
109,Bathsheba,13.2167,-59.5167,81.21,69,20,13.8,BB,2023-01-13 21:34:00
110,Antofagasta,-23.65,-70.4,70.88,72,8,7.92,CL,2023-01-13 21:34:00
111,Gidole,5.65,37.3667,57.4,31,16,2.64,ET,2023-01-13 21:34:01
112,Hobart,-42.8794,147.3294,70.27,73,20,10.36,AU,2023-01-13 21:30:05
113,Ciudad Bolivar,8.1222,-63.5497,85.06,51,86,9.04,VE,2023-01-13 21:34:01
114,Nikolayevsk-Na-Amure,53.1406,140.73,-31.29,96,53,4.85,RU,2023-01-13 21:34:02
115,Fort-Shevchenko,44.5086,50.263,25.36,49,0,31.41,KZ,2023-01-13 21:34:02
116,Bemidji,47.4736,-94.8803,23.56,81,0,5.75,US,2023-01-13 21:30:32
117,Carnarvon,-24.8667,113.6333,74.53,68,0,22.59,AU,2023-01-13 21:34:03
118,Lebu,-37.6167,-73.65,59.23,78,3,18.92,CL,2023-01-13 21:34:04
119,Faanui,-16.4833,-151.75,81.41,75,99,27.56,PF,2023-01-13 21:34:04
120,Karakol,42.4907,78.3936,2.84,65,100,6.6,KG,2023-01-13 21:34:05
121,Severo-Kurilsk,50.6789,156.125,21.65,64,100,20.31,RU,2023-01-13 21:34:05
122,Ponta Delgada,37.7333,-25.6667,63.32,88,20,16.11,PT,2023-01-13 21:34:06
123,Biak,-0.9131,122.8766,75.97,74,100,1.07,ID,2023-01-13 21:34:06
124,Sao Filipe,14.8961,-24.4956,73.69,67,2,10.31,CV,2023-01-13 21:34:06
125,Torbay,47.6666,-52.7314,28.49,87,75,10.36,CA,2023-01-13 21:30:31
126,Vanavara,60.34,102.2797,-19.91,100,100,2.21,RU,2023-01-13 21:34:07
127,Zelenogradsk,54.9589,20.4767,44.65,88,20,8.95,RU,2023-01-13 21:34:08
128,Sola,-13.8833,167.55,81.27,83,100,0.0,VU,2023-01-13 21:34:08
129,Chokurdakh,70.6333,147.9167,-30.35,96,100,6.42,RU,2023-01-13 21:34:09
130,Viedma,-40.8135,-62.9967,77.83,24,0,10.11,AR,2023-01-13 21:30:30
131,Pisco,-13.7,-76.2167,78.85,53,0,20.71,PE,2023-01-13 21:34:09
132,Grindavik,63.8424,-22.4338,26.55,68,0,13.8,IS,2023-01-13 21:34:10
133,Henties Bay,-22.116,14.2845,65.1,85,52,3.2,NA,2023-01-13 21:34:10
134,Kovdor,67.5662,30.4758,29.68,92,100,8.08,RU,2023-01-13 21:34:11
135,Tuktoyaktuk,69.4541,-133.0374,-9.4,84,75,16.11,CA,2023-01-13 21:34:11
136,Mount Isa,-20.7333,139.5,76.77,78,100,8.05,AU,2023-01-13 21:34:12
137,San Patricio,28.017,-97.5169,68.16,27,0,10.4,US,2023-01-13 21:34:12
138,Souillac,-20.5167,57.5167,77.38,73,40,4.61,MU,2023-01-13 21:34:13
139,Imbituba,-28.24,-48.6703,74.43,91,99,3.56,BR,2023-01-13 21:34:13
140,Lavrentiya,65.5833,-171.0,-6.0,94,15,5.57,RU,2023-01-13 21:35:14
141,Manati,18.4275,-66.4921,80.56,85,16,11.88,PR,2023-01-13 21:35:04
142,Verkhniye Tatyshly,56.2912,55.8575,8.51,82,88,16.24,RU,2023-01-13 21:35:14
143,Vanimo,-2.6741,141.3028,78.55,89,100,2.17,PG,2023-01-13 21:35:15
144,Arraial Do Cabo,-22.9661,-42.0278,78.76,83,40,8.05,BR,2023-01-13 21:35:15
145,Saskylakh,71.9167,114.0833,-58.38,100,74,2.48,RU,2023-01-13 21:35:16
146,Rabak,13.1809,32.74,71.51,21,52,13.65,SD,2023-01-13 21:35:16
147,Dahuk,36.8695,42.994,42.66,47,95,5.35,IQ,2023-01-13 21:35:16
148,Burnie,-41.0667,145.9167,67.95,85,5,14.29,AU,2023-01-13 21:35:17
149,Lisakovsk,52.5369,62.4936,10.62,76,99,12.06,KZ,2023-01-13 21:35:17
150,Mayo,38.8876,-76.5119,47.28,63,100,14.97,US,2023-01-13 21:35:18
151,Pakokku,21.3333,95.1,62.22,42,0,1.28,MM,2023-01-13 21:35:18
152,Hithadhoo,-0.6,73.0833,80.55,68,100,10.07,MV,2023-01-13 21:35:18
153,Kirensk,57.7853,108.1119,1.09,95,100,9.86,RU,2023-01-13 21:35:19
154,Havre-Saint-Pierre,50.2334,-63.5986,24.8,93,100,13.8,CA,2023-01-13 21:35:19
155,Port Blair,11.6667,92.75,75.24,88,40,2.3,IN,2023-01-13 21:35:20
156,Kargil,34.5667,76.1,7.72,96,100,4.23,IN,2023-01-13 21:35:20
157,Cidreira,-30.1811,-50.2056,70.16,90,100,10.4,BR,2023-01-13 21:35:21
158,Primero De Enero,21.9469,-78.4283,80.4,52,14,4.61,CU,2023-01-13 21:35:21
159,Touros,-5.1989,-35.4608,79.56,79,9,14.47,BR,2023-01-13 21:30:54
160,Norman Wells,65.282,-126.8329,-7.56,77,75,3.44,CA,2023-01-13 21:35:22
161,Camargo,27.6667,-105.1667,68.52,15,0,8.21,MX,2023-01-13 21:35:22
162,Campbell River,50.0163,-125.2446,51.6,100,100,5.75,CA,2023-01-13 21:30:30
163,Rengali,21.6333,84.05,58.21,52,0,2.21,IN,2023-01-13 21:35:23
164,Ekhabi,53.5102,142.9671,-19.95,83,12,17.4,RU,2023-01-13 21:35:24
165,Mareeba,-17.0,145.4333,73.44,98,100,3.51,AU,2023-01-13 21:35:24
166,Farah,32.5,62.5,21.78,34,0,1.12,AF,2023-01-13 21:35:24
167,Avdiyivka,48.1399,37.7426,28.85,90,100,8.93,UA,2023-01-13 21:35:25
168,Ostrovnoy,68.0531,39.5131,33.01,87,98,20.36,RU,2023-01-13 21:35:25
169,Barcelos,41.5388,-8.6151,55.54,84,95,5.06,PT,2023-01-13 21:35:26
170,Avera,33.194,-82.5271,49.55,54,65,16.11,US,2023-01-13 21:35:26
171,Itarema,-2.9248,-39.9167,79.61,73,25,13.4,BR,2023-01-13 21:35:27
172,Port Augusta,-32.5,137.7667,92.8,17,4,7.56,AU,2023-01-13 21:35:27
173,Envira,-7.3,-70.2167,76.78,84,98,4.92,BR,2023-01-13 21:35:27
174,Olafsvik,64.8945,-23.7142,28.38,78,100,16.53,IS,2023-01-13 21:35:28
175,Broome,42.2506,-75.833,31.86,86,100,16.11,US,2023-01-13 21:35:28
176,Makat,47.6469,53.3463,16.65,66,0,12.06,KZ,2023-01-13 21:35:29
177,Verkhnyaya Balkariya,43.1279,43.4573,14.92,42,0,9.57,RU,2023-01-13 21:35:29
178,Pevek,69.7008,170.3133,-25.94,99,42,4.14,RU,2023-01-13 21:35:30
179,Ninghai,29.2892,121.4247,60.93,98,100,2.86,CN,2023-01-13 21:35:30
180,Port Alfred,-33.5906,26.891,69.19,90,99,5.91,ZA,2023-01-13 21:35:31
181,Esso,55.9333,158.7,5.85,98,100,3.69,RU,2023-01-13 21:35:31
182,Oyama,36.3,139.8,47.59,48,76,1.66,JP,2023-01-13 21:35:31
183,Kattivakkam,13.2167,80.3167,71.69,70,100,2.08,IN,2023-01-13 21:36:32
184,Pitkyaranta,61.5734,31.4792,31.82,98,100,15.05,RU,2023-01-13 21:36:32
185,Krasnoselkup,65.7,82.4667,-20.54,95,100,12.73,RU,2023-01-13 21:36:33
186,Kirkuk,35.4681,44.3922,49.42,56,100,4.74,IQ,2023-01-13 21:31:47
187,Springdale,36.1867,-94.1288,41.68,58,0,10.36,US,2023-01-13 21:36:33
188,Labuhan,-6.8844,112.2051,76.51,82,85,5.37,ID,2023-01-13 21:36:34
189,Victoria,22.2855,114.1577,72.25,95,31,3.0,HK,2023-01-13 21:34:39
190,Walvis Bay,-22.9575,14.5053,65.35,82,18,3.44,NA,2023-01-13 21:36:34
191,Lorengau,-2.0226,147.2712,83.53,74,100,10.18,PG,2023-01-13 21:36:35
192,Santa Ines,-3.6667,-45.38,76.84,87,98,1.25,BR,2023-01-13 21:36:35
193,Arlit,18.7369,7.3853,63.18,21,4,6.29,NE,2023-01-13 21:36:36
194,Chuy,-33.6971,-53.4616,70.92,74,100,6.15,UY,2023-01-13 21:36:36
195,Tasiilaq,65.6145,-37.6368,17.76,65,100,11.18,GL,2023-01-13 21:36:37
196,East London,-33.0153,27.9116,72.28,80,86,4.34,ZA,2023-01-13 21:34:42
197,Okha,53.5739,142.9478,-19.68,83,12,17.31,RU,2023-01-13 21:36:37
198,Amapa,1.0,-52.0,73.2,99,92,3.04,BR,2023-01-13 21:34:17
199,Key West,24.5557,-81.7826,73.0,82,75,19.57,US,2023-01-13 21:35:25
200,Riohacha,11.5444,-72.9072,84.31,74,20,11.5,CO,2023-01-13 21:36:38
201,Mar Del Plata,-38.0023,-57.5575,70.83,70,40,10.0,AR,2023-01-13 21:33:52
202,Koumac,-20.5667,164.2833,80.98,68,6,4.5,NC,2023-01-13 21:36:39
203,Kavieng,-2.5744,150.7967,82.49,75,95,7.9,PG,2023-01-13 21:36:39
204,Alofi,-19.0595,-169.9187,80.49,74,75,8.05,NU,2023-01-13 21:36:39
205,Cockburn Town,21.4612,-71.1419,76.96,78,75,13.8,TC,2023-01-13 21:36:40
206,Kawalu,-7.3817,108.2082,70.02,88,70,2.28,ID,2023-01-13 21:36:40
207,Havoysund,70.9963,24.6622,37.63,77,32,23.49,NO,2023-01-13 21:36:41
208,Paramonga,-10.6667,-77.8333,72.25,73,37,10.51,PE,2023-01-13 21:36:41
209,Anaco,9.4389,-64.4728,84.33,47,93,2.37,VE,2023-01-13 21:36:41
210,Cap-Aux-Meules,47.3821,-61.8597,39.25,100,100,25.32,CA,2023-01-13 21:34:06
211,Upata,8.0086,-62.3989,76.19,83,54,4.12,VE,2023-01-13 21:36:42
212,Guerrero,17.6667,-100.0,79.27,32,16,5.19,MX,2023-01-13 21:36:42
213,Port Hardy,50.6996,-127.4199,50.18,93,75,16.11,CA,2023-01-13 21:36:43
214,Nhulunbuy,-12.2333,136.7667,81.21,89,40,1.14,AU,2023-01-13 21:36:43
215,Ilulissat,69.2167,-51.1,6.82,51,75,19.57,GL,2023-01-13 21:36:44
216,Tumut,-35.3,148.2167,78.94,43,7,4.63,AU,2023-01-13 21:36:44
217,Ndjole,-0.1783,10.7649,77.02,90,90,2.55,GA,2023-01-13 21:36:44
218,Bida,9.0833,6.0167,80.28,18,66,4.47,NG,2023-01-13 21:36:45
219,Machilipatnam,16.1667,81.1333,69.22,76,82,2.42,IN,2023-01-13 21:36:45
220,Waingapu,-9.6567,120.2641,78.06,82,100,4.68,ID,2023-01-13 21:36:46
221,Bartica,6.4,-58.6167,82.72,89,100,4.23,GY,2023-01-13 21:36:46
222,Northam,51.0333,-4.2167,48.25,93,100,19.08,GB,2023-01-13 21:36:46
223,New Plymouth,-39.0667,174.0833,62.31,62,1,2.24,NZ,2023-01-13 21:32:35
224,Gushikawa,26.3544,127.8686,69.39,83,0,5.75,JP,2023-01-13 21:36:47
225,Sehwan,26.4279,67.863,47.52,11,4,5.12,PK,2023-01-13 21:36:47
226,Westport,41.1415,-73.3579,51.57,77,100,12.66,US,2023-01-13 21:34:41
227,Katsuura,35.1333,140.3,59.02,88,66,23.62,JP,2023-01-13 21:36:48
228,Santiago Del Estero,-27.7951,-64.2615,87.67,23,0,5.97,AR,2023-01-13 21:36:48
229,Longyearbyen,78.2186,15.6401,30.04,80,75,25.32,SJ,2023-01-13 21:36:49
230,Bairiki,1.3292,172.9752,84.2,74,40,14.97,KI,2023-01-13 21:36:49
231,Shirokiy,49.758,129.523,-27.13,89,3,8.01,RU,2023-01-13 21:37:49
232,Half Moon Bay,37.4636,-122.4286,59.59,93,100,12.66,US,2023-01-13 21:37:50
233,Atar,20.5169,-13.0499,70.11,20,0,8.23,MR,2023-01-13 21:37:50
234,Neiafu,-18.65,-173.9833,81.28,89,40,2.3,TO,2023-01-13 21:37:51
235,Akureyri,65.6835,-18.0878,17.53,86,75,4.61,IS,2023-01-13 21:37:51
236,Kloulklubed,7.0419,134.2556,73.9,75,69,10.89,PW,2023-01-13 21:37:51
237,Sorgun,39.8101,35.186,32.63,43,74,2.44,TR,2023-01-13 21:37:52
238,Iqaluit,63.7506,-68.5145,-20.47,69,20,13.8,CA,2023-01-13 21:35:55
239,Hobyo,5.3505,48.5268,76.87,74,96,20.33,SO,2023-01-13 21:37:52
240,Hami,42.8,93.45,6.31,70,1,1.88,CN,2023-01-13 21:37:53
241,Dwarka,22.2394,68.9678,65.05,46,5,13.2,IN,2023-01-13 21:37:53
242,Clyde River,70.4692,-68.5914,-14.57,64,75,4.61,CA,2023-01-13 21:37:53
243,Namatanai,-3.6667,152.4333,80.44,79,100,4.12,PG,2023-01-13 21:37:54
244,Dukat,62.55,155.55,-27.13,95,100,5.01,RU,2023-01-13 21:37:55
245,Waipawa,-41.4122,175.5153,59.68,72,85,6.64,NZ,2023-01-13 21:37:55
246,Arkhangelsk,64.5401,40.5433,28.51,93,100,6.71,RU,2023-01-13 21:37:56
247,Chesterton,41.6106,-87.0642,32.58,84,100,10.36,US,2023-01-13 21:35:10
248,Kapuskasing,49.4169,-82.4331,3.29,71,20,5.75,CA,2023-01-13 21:37:56
249,Lagoa,39.05,-27.9833,62.11,84,100,30.06,PT,2023-01-13 21:37:57
250,San Carlos De Bariloche,-41.1456,-71.3082,74.95,22,0,25.32,AR,2023-01-13 21:37:57
251,Slave Lake,55.2834,-114.769,13.98,79,75,6.51,CA,2023-01-13 21:37:57
252,Kaitangata,-46.2817,169.8464,61.99,61,42,4.97,NZ,2023-01-13 21:37:58
253,Sorocaba,-23.5017,-47.4581,71.64,90,83,5.82,BR,2023-01-13 21:37:58
254,Cayenne,4.9333,-52.3333,78.84,83,40,4.61,GF,2023-01-13 21:37:59
255,Rio Claro,-22.4114,-47.5614,71.74,89,94,5.08,BR,2023-01-13 21:37:59
256,Teya,60.3778,92.6267,-10.43,100,100,2.77,RU,2023-01-13 21:37:59
257,Shumskiy,54.8318,99.1328,7.63,76,100,8.88,RU,2023-01-13 21:38:00
258,Palu,-0.8917,119.8707,73.92,86,98,2.3,ID,2023-01-13 21:38:00
259,Maniitsoq,65.4167,-52.9,12.81,77,100,17.02,GL,2023-01-13 21:38:01
260,Bengkulu,-3.8004,102.2655,74.08,91,93,3.29,ID,2023-01-13 21:37:45
261,Leningradskiy,69.3833,178.4167,-7.2,98,96,5.28,RU,2023-01-13 21:38:01
262,Pochutla,15.7432,-96.4661,85.82,53,0,8.43,MX,2023-01-13 21:38:01
263,Quatre Cocos,-20.2078,57.7625,77.11,71,58,12.06,MU,2023-01-13 21:38:02
264,Puerto Colombia,10.9878,-74.9547,84.29,83,46,17.67,CO,2023-01-13 21:38:02
265,Yar-Sale,66.8333,70.8333,-9.99,100,96,5.39,RU,2023-01-13 21:38:03
266,Bonthe,7.5264,-12.505,78.03,80,45,7.14,SL,2023-01-13 21:38:03
267,Owen Sound,44.5672,-80.9435,25.97,83,100,20.0,CA,2023-01-13 21:35:44
268,Taoudenni,22.6783,-3.9836,68.18,22,0,12.08,ML,2023-01-13 21:38:04
269,Flin Flon,54.7682,-101.865,12.04,92,100,9.22,CA,2023-01-13 21:38:04
270,Jumla,29.2747,82.1838,31.03,64,7,4.16,NP,2023-01-13 21:38:05
271,Talnakh,69.4865,88.3972,-37.61,87,19,6.96,RU,2023-01-13 21:38:06
272,Nha Trang,12.25,109.1833,75.2,93,67,2.77,VN,2023-01-13 21:38:06
273,Vardo,70.3705,31.1107,28.38,86,0,19.57,NO,2023-01-13 21:38:07
274,Praia Da Vitoria,38.7333,-27.0667,64.65,82,40,27.47,PT,2023-01-13 21:38:08
275,Mae Sot,16.7167,98.5667,56.62,90,2,1.12,TH,2023-01-13 21:38:08
276,Sorland,67.667,12.6934,37.26,61,97,22.57,NO,2023-01-13 21:38:09
277,College,64.8569,-147.8028,1.58,80,75,0.0,US,2023-01-13 21:39:09
278,Poum,-20.2333,164.0167,80.76,71,14,16.8,NC,2023-01-13 21:39:10
279,Nanortalik,60.1432,-45.2371,13.91,68,9,7.09,GL,2023-01-13 21:39:10
280,Petropavlovsk-Kamchatskiy,53.0452,158.6483,-7.01,84,40,6.71,RU,2023-01-13 21:39:10
281,Lishui,28.4604,119.9103,62.91,99,87,0.47,CN,2023-01-13 21:39:11
282,Vawkavysk,53.1561,24.4513,39.88,91,100,13.29,BY,2023-01-13 21:39:11
283,Dawei,14.0833,98.2,66.65,91,1,3.24,MM,2023-01-13 21:39:12
284,Portland,45.5234,-122.6762,55.72,93,100,9.22,US,2023-01-13 21:37:48
285,Bozeman,45.6796,-111.0386,51.22,70,0,4.61,US,2023-01-13 21:38:31
286,Oktyabrskoye,43.0645,44.7417,6.94,92,4,0.0,RU,2023-01-13 21:39:13
287,Noumea,-22.2763,166.4572,82.0,99,57,10.51,NC,2023-01-13 21:36:41
288,Inta,66.0317,60.1659,17.73,94,100,15.73,RU,2023-01-13 21:39:13
289,Trat,12.5,102.5,71.6,93,88,0.83,TH,2023-01-13 21:39:14
290,Richards Bay,-28.783,32.0377,75.2,87,0,12.35,ZA,2023-01-13 21:39:14
291,Auki,-8.7676,160.7034,77.88,88,100,3.85,SB,2023-01-13 21:39:14
292,Dombarovskiy,50.7587,59.5386,-1.3,96,28,6.8,RU,2023-01-13 21:39:15
293,Uige,-7.6087,15.0613,63.3,97,89,2.3,AO,2023-01-13 21:39:15
294,Malakal,9.5334,31.6605,76.91,25,10,5.64,SS,2023-01-13 21:39:16
295,Malaryta,51.7905,24.074,40.75,92,100,11.92,BY,2023-01-13 21:39:16
296,Wanning,18.8003,110.3967,69.4,94,14,9.8,CN,2023-01-13 21:39:17
297,Faya,18.3851,42.4509,55.51,81,6,4.68,SA,2023-01-13 21:39:17
298,Shaunavon,49.6501,-108.4181,35.38,78,34,14.83,CA,2023-01-13 21:39:17
299,Kingaroy,-26.5333,151.8333,71.24,68,68,11.97,AU,2023-01-13 21:39:18
300,Mamontovo,52.7055,81.6244,3.52,91,100,18.81,RU,2023-01-13 21:39:18
301,Xiaolingwei,32.0333,118.85,49.98,83,100,16.6,CN,2023-01-13 21:39:18
302,Toamasina,-18.1667,49.3833,77.0,94,75,4.61,MG,2023-01-13 21:39:19
303,Kahului,20.8947,-156.47,81.97,56,20,5.01,US,2023-01-13 21:39:19
304,Abu Zabad,12.35,29.25,65.12,23,7,12.44,SD,2023-01-13 21:39:20
305,Scarborough,54.2797,-0.4044,43.34,81,77,8.01,GB,2023-01-13 21:39:20
306,Elko,41.0002,-115.5012,36.23,73,100,4.0,US,2023-01-13 21:39:20
307,Mineiros,-17.5694,-52.5511,70.75,88,73,8.34,BR,2023-01-13 21:39:21
308,General Pico,-35.6566,-63.7568,87.31,13,0,5.75,AR,2023-01-13 21:39:21
309,Berlevag,70.8578,29.0864,35.6,74,0,18.41,NO,2023-01-13 21:37:38
310,Goderich,43.7501,-81.7165,27.91,80,100,12.66,CA,2023-01-13 21:39:22
311,Santa Barbara,34.7333,-120.0343,59.34,59,100,8.05,US,2023-01-13 21:39:22
312,Poronaysk,49.2167,143.1167,-4.11,81,11,14.05,RU,2023-01-13 21:39:23
313,Vila Velha,-20.3297,-40.2925,80.55,84,40,18.41,BR,2023-01-13 21:39:23
314,Nurota,40.5614,65.6886,0.75,68,1,5.7,UZ,2023-01-13 21:39:23
315,Zyryanka,65.75,150.85,-28.43,98,100,8.93,RU,2023-01-13 21:39:24
316,Simao,22.7886,100.9748,46.44,64,0,0.54,CN,2023-01-13 21:39:24
317,Waverly,42.7392,-84.6208,28.54,72,100,10.36,US,2023-01-13 21:39:25
318,Nehe,48.4833,124.8333,-22.79,89,4,3.62,CN,2023-01-13 21:39:25
319,Zasheyek,67.4066,32.5499,27.95,95,100,8.23,RU,2023-01-13 21:39:25
320,Belyy Yar,53.6039,91.3903,10.29,72,0,15.66,RU,2023-01-13 21:39:26
321,Loandjili,-4.7561,11.8578,78.03,83,96,2.8,CG,2023-01-13 21:39:26
322,Salta,-24.7859,-65.4117,72.19,43,40,4.61,AR,2023-01-13 21:39:28
323,Benguela,-12.5763,13.4055,77.11,79,100,1.86,AO,2023-01-13 21:39:28
324,Oswego,43.4501,-76.1497,30.34,92,99,10.47,US,2023-01-13 21:39:28
325,Mogadishu,2.0371,45.3438,77.4,79,52,19.89,SO,2023-01-13 21:40:29
326,Sorong,-0.8833,131.25,78.4,84,81,5.44,ID,2023-01-13 21:40:29
327,Ponta Do Sol,32.6667,-17.1,63.23,73,3,6.78,PT,2023-01-13 21:40:30
328,Saint George,37.1041,-113.5841,58.42,40,0,1.99,US,2023-01-13 21:40:30
329,Haines Junction,60.7522,-137.5108,13.15,95,100,1.07,CA,2023-01-13 21:40:31
330,Chaihe,44.7667,129.7,-0.36,96,99,2.1,CN,2023-01-13 21:40:31
331,Bethel,41.3712,-73.414,49.55,79,100,6.91,US,2023-01-13 21:40:31
332,Port Moresby,-9.4431,147.1797,78.08,83,88,7.05,PG,2023-01-13 21:40:32
333,Shizunai,42.3339,142.3669,39.92,94,100,6.73,JP,2023-01-13 21:40:32
334,Krasnaya Gora,52.9995,31.6023,26.11,88,92,11.39,RU,2023-01-13 21:40:32
335,Yakovlevskoye,55.4419,37.9506,26.53,86,100,8.99,RU,2023-01-13 21:40:33
336,Tanete,-3.9443,119.7848,74.41,95,100,2.91,ID,2023-01-13 21:40:33
337,Thinadhoo,0.5333,72.9333,80.13,65,100,12.77,MV,2023-01-13 21:40:34
338,Swedru,5.5371,-0.6998,76.69,88,26,3.51,GH,2023-01-13 21:40:34
339,Tingi,-11.3,35.0333,62.62,95,100,1.79,TZ,2023-01-13 21:40:35
340,Margate,51.3813,1.3862,43.11,79,99,3.0,GB,2023-01-13 21:37:44
341,Basirpur,30.5832,73.829,43.36,57,0,7.07,PK,2023-01-13 21:40:35
342,Agadez,19.75,10.25,58.98,26,54,6.31,NE,2023-01-13 21:40:35
343,San Quintin,30.4833,-115.95,66.11,50,100,11.54,MX,2023-01-13 21:40:36
344,Trecate,45.4348,8.7368,44.82,77,0,4.05,IT,2023-01-13 21:40:36
345,Kalang,5.9197,121.3631,78.03,86,100,12.59,PH,2023-01-13 21:40:37
346,Murud,18.3258,72.965,64.94,81,3,6.73,IN,2023-01-13 21:40:37
347,Thies,14.8342,-17.1061,74.7,32,20,10.22,SN,2023-01-13 21:40:37
348,Padang,-0.9492,100.3543,73.45,85,100,4.32,ID,2023-01-13 21:40:38
349,Nogales,31.3086,-110.9422,74.77,12,0,5.75,MX,2023-01-13 21:35:52
350,Waspan,14.7419,-83.9717,79.43,70,58,8.39,NI,2023-01-13 21:40:38
351,Wembley,-31.9333,115.8,59.68,67,0,18.41,AU,2023-01-13 21:40:39
352,Huntsville,34.7304,-86.5861,37.92,84,100,14.97,US,2023-01-13 21:37:36
353,Calbuco,-41.768,-73.1273,61.81,72,55,8.86,CL,2023-01-13 21:40:40
354,Airai,-8.9266,125.4092,61.02,90,100,1.3,TL,2023-01-13 21:40:40
355,Jibuti,11.5,42.5,68.2,72,100,15.03,DJ,2023-01-13 21:40:40
356,Maurawan,26.4333,80.8833,55.44,73,1,4.45,IN,2023-01-13 21:40:41
357,Polson,47.6936,-114.1632,38.77,70,98,2.21,US,2023-01-13 21:40:41
358,Sao Goncalo Do Amarante,-3.6072,-38.9683,81.12,75,14,9.86,BR,2023-01-13 21:40:41
359,Krasnoborsk,61.5598,45.934,24.91,89,92,11.14,RU,2023-01-13 21:40:42
360,Benjamin Hill,30.1667,-111.1,77.25,13,51,4.85,MX,2023-01-13 21:40:42
361,Roma,43.2128,-75.4557,30.96,88,100,10.36,US,2023-01-13 21:40:43
362,Potosi,-19.5836,-65.7531,61.56,15,51,15.46,BO,2023-01-13 21:40:43
363,San Cristobal,7.7669,-72.225,77.18,60,36,2.8,VE,2023-01-13 21:38:40
364,Gizo,-8.103,156.8419,80.04,79,100,3.94,SB,2023-01-13 21:40:44
365,Pacific Grove,36.6177,-121.9166,60.42,88,94,15.01,US,2023-01-13 21:40:26
366,Cochrane,51.1834,-114.4687,52.07,75,0,4.61,CA,2023-01-13 21:36:12
367,Sungaipenuh,-2.0833,101.3833,63.16,97,99,0.76,ID,2023-01-13 21:40:44
368,Tessalit,20.1986,1.0114,66.56,19,99,9.08,ML,2023-01-13 21:40:45
369,Bambanglipuro,-7.95,110.2833,74.66,87,98,3.49,ID,2023-01-13 21:40:45
370,Kirkwall,58.9848,-2.9587,35.65,93,88,3.44,GB,2023-01-13 21:40:46
371,Rocha,-34.4833,-54.3333,72.64,49,100,7.65,UY,2023-01-13 21:41:46
372,Becerril,9.7041,-73.2793,87.01,53,59,3.8,CO,2023-01-13 21:41:46
373,Urdoma,61.7533,48.5442,22.46,91,100,10.8,RU,2023-01-13 21:41:48
374,Luderitz,-26.6481,15.1594,66.2,65,12,18.28,NA,2023-01-13 21:41:48
375,Aden,12.7794,45.0367,76.84,70,61,17.85,YE,2023-01-13 21:41:49
376,Pitimbu,-7.4706,-34.8086,81.19,73,16,11.92,BR,2023-01-13 21:40:41
377,Mirnyy,62.5353,113.9611,-45.27,100,100,2.15,RU,2023-01-13 21:41:49
378,Madoc,44.5084,-77.4745,25.52,59,93,12.53,CA,2023-01-13 21:41:50
379,Ancud,-41.8697,-73.8203,57.36,75,62,8.93,CL,2023-01-13 21:41:50
380,Te Anau,-45.4167,167.7167,62.92,60,38,1.1,NZ,2023-01-13 21:41:50
381,Batticaloa,7.7102,81.6924,75.49,77,100,5.95,LK,2023-01-13 21:41:51
382,Carlyle,38.6103,-89.3726,32.22,81,100,5.01,US,2023-01-13 21:41:51
383,Kamenka,51.3223,42.7678,11.1,93,38,9.62,RU,2023-01-13 21:41:52
384,Murayama,38.5193,140.3346,42.44,95,98,2.24,JP,2023-01-13 21:41:52
385,Meghri,38.9029,46.2446,27.52,72,17,3.71,AM,2023-01-13 21:41:52
386,Kingston,17.997,-76.7936,83.35,72,20,10.36,JM,2023-01-13 21:38:58
387,Port Hedland,-20.3167,118.5667,77.05,94,40,4.61,AU,2023-01-13 21:41:53
388,Nakskov,54.8373,11.1284,45.14,84,98,31.36,DK,2023-01-13 21:41:53
389,Roros,62.5747,11.3842,21.04,93,100,0.0,NO,2023-01-13 21:41:54
390,Dzhida,50.6772,106.1806,-31.4,99,37,3.67,RU,2023-01-13 21:41:54
391,Trincomalee,8.5711,81.2335,76.42,74,100,8.39,LK,2023-01-13 21:41:55
392,Umm Lajj,25.0213,37.2685,66.4,55,37,8.61,SA,2023-01-13 21:41:55
393,Pangnirtung,66.1451,-65.7125,-20.2,76,20,10.36,CA,2023-01-13 21:41:55
394,Boca Do Acre,-8.7522,-67.3978,80.69,70,76,5.14,BR,2023-01-13 21:41:56
395,Xining,36.6167,101.7667,6.62,76,100,2.48,CN,2023-01-13 21:41:56
396,Fairbanks,64.8378,-147.7164,1.6,80,20,0.0,US,2023-01-13 21:40:00
397,Pocatello,42.8713,-112.4455,40.91,66,0,14.0,US,2023-01-13 21:40:00
398,Kaputa,-8.4689,29.6619,66.09,91,85,4.29,ZM,2023-01-13 21:41:57
399,Lata,40.1629,-8.3327,50.07,92,97,2.95,PT,2023-01-13 21:41:57
400,Knysna,-34.0363,23.0471,67.48,81,56,2.06,ZA,2023-01-13 21:41:57
401,Sistranda,63.7256,8.834,30.16,85,100,13.56,NO,2023-01-13 21:39:13
402,Gainesville,29.6516,-82.3248,56.75,68,100,11.5,US,2023-01-13 21:41:29
403,Lerwick,60.1545,-1.1494,37.4,77,90,10.92,GB,2023-01-13 21:41:58
404,Itororo,-15.1169,-40.0703,71.94,94,9,4.38,BR,2023-01-13 21:41:59
405,Tromso,69.6496,18.957,35.62,80,75,14.97,NO,2023-01-13 21:41:59
406,Havelock,34.8791,-76.9013,55.36,77,100,5.01,US,2023-01-13 21:42:00
407,Kaseda,31.4167,130.3167,66.83,96,100,16.55,JP,2023-01-13 21:42:00
408,Sokolo,14.7328,-6.1219,74.68,13,27,9.78,ML,2023-01-13 21:42:01
409,Mokhsogollokh,61.4681,128.9203,-57.64,100,86,2.44,RU,2023-01-13 21:42:01
410,Damaturu,11.747,11.9608,63.72,21,5,9.89,NG,2023-01-13 21:42:02
411,Nuuk,64.1835,-51.7216,20.01,58,75,20.71,GL,2023-01-13 21:42:02
412,Bria,6.5423,21.9863,72.82,29,51,4.61,CF,2023-01-13 21:42:03
413,Cap Malheureux,-19.9842,57.6142,77.47,70,69,3.0,MU,2023-01-13 21:42:03
414,Kiama,-34.6833,150.8667,73.45,86,96,1.99,AU,2023-01-13 21:42:04
415,Luau,-10.7073,22.2247,62.2,97,99,2.01,AO,2023-01-13 21:40:15
416,Port Pirie,-33.1833,138.0167,90.19,22,19,6.24,AU,2023-01-13 21:42:04
417,Buraydah,26.326,43.975,55.85,63,87,13.2,SA,2023-01-13 21:43:05
418,Stephenville Crossing,48.5,-58.4318,30.33,93,100,21.85,CA,2023-01-13 21:43:05
419,Marsaxlokk,35.8419,14.5431,58.08,82,20,6.91,MT,2023-01-13 21:43:06
420,Gweta,-20.1833,25.2333,77.74,50,72,4.68,BW,2023-01-13 21:43:06
421,Teahupoo,-17.8333,-149.2667,76.96,82,100,21.83,PF,2023-01-13 21:43:07
422,Puqi,29.7167,113.8833,47.84,74,100,12.86,CN,2023-01-13 21:43:07
423,Orotina,9.912,-84.5234,84.96,63,100,1.19,CR,2023-01-13 21:40:30
424,Saint Anthony,45.0205,-93.218,22.66,86,100,4.61,US,2023-01-13 21:43:08
425,Plainfield,40.6168,-74.4173,45.05,72,0,10.36,US,2023-01-13 21:43:08
426,Luangwa,-15.6167,30.4167,73.17,87,99,0.13,ZM,2023-01-13 21:43:09
427,Eyl,7.9803,49.8164,74.57,74,75,17.16,SO,2023-01-13 21:43:09
428,Kayerkan,69.3497,87.7602,-39.28,88,16,5.32,RU,2023-01-13 21:43:10
429,Kysyl-Syr,63.8986,122.7617,-71.16,100,81,1.61,RU,2023-01-13 21:43:10
430,Huarmey,-10.0681,-78.1522,72.9,73,59,10.38,PE,2023-01-13 21:43:11
431,Puerto Penasco,31.3167,-113.5333,66.56,39,77,7.05,MX,2023-01-13 21:43:11
432,Liwale,-9.7667,37.9333,68.31,97,87,0.81,TZ,2023-01-13 21:43:12
433,Coquimbo,-29.9533,-71.3436,67.73,68,20,12.66,CL,2023-01-13 21:43:12
434,Kaduqli,11.0167,29.7167,72.52,20,8,12.53,SD,2023-01-13 21:43:13
435,Shimanovsk,52.0,127.7,-20.24,75,0,9.19,RU,2023-01-13 21:43:13
436,Ayia Galini,35.1,24.6833,52.39,84,19,10.11,GR,2023-01-13 21:43:14
437,Lufilufi,-13.8745,-171.5986,85.78,72,85,12.24,WS,2023-01-13 21:43:14
438,Znamenskoye,57.1281,73.8282,8.64,95,100,8.28,RU,2023-01-13 21:43:14
439,Puerto Barrios,15.7167,-88.6,79.56,65,27,4.07,GT,2023-01-13 21:43:15
440,Olga,43.7444,135.2892,13.96,55,100,12.08,RU,2023-01-13 21:43:15
441,Qasigiannguit,68.8193,-51.1922,7.05,75,99,8.61,GL,2023-01-13 21:43:16
442,Challapata,-18.9,-66.7667,65.68,8,0,22.03,BO,2023-01-13 21:43:16
443,Cabedelo,-6.9811,-34.8339,81.27,71,6,13.09,BR,2023-01-13 21:43:17
444,Bhilwara,25.35,74.6333,50.36,38,0,7.11,IN,2023-01-13 21:43:17
445,Amazar,53.858,120.875,-34.47,97,16,2.24,RU,2023-01-13 21:43:18
446,Black River,18.0264,-77.8487,79.5,68,10,5.59,JM,2023-01-13 21:43:19
447,Redding,40.5865,-122.3917,51.57,93,100,14.97,US,2023-01-13 21:43:19
448,Tura,25.5198,90.2201,56.35,45,0,2.48,IN,2023-01-13 21:43:20
449,Meulaboh,4.1363,96.1285,75.04,90,72,3.67,ID,2023-01-13 21:43:20
450,Betioky,-23.7167,44.3833,77.77,67,9,10.02,MG,2023-01-13 21:43:21
451,Freetown,8.484,-13.2299,82.11,78,20,6.91,SL,2023-01-13 21:43:21
452,Vila Franca Do Campo,37.7167,-25.4333,63.01,89,100,14.58,PT,2023-01-13 21:43:22
453,Kroya,-7.6331,109.2461,75.63,86,94,4.03,ID,2023-01-13 21:43:22
454,Bahia Blanca,-38.7196,-62.2724,77.27,34,0,13.51,AR,2023-01-13 21:40:09
455,Bud,39.447,-86.1758,32.99,85,100,13.42,US,2023-01-13 21:43:23
456,Plouzane,48.3833,-4.6167,50.18,93,100,13.8,FR,2023-01-13 21:43:24
457,Narsaq,60.9167,-46.05,8.82,77,7,8.08,GL,2023-01-13 21:43:24
458,San Francisco,37.7749,-122.4194,59.38,91,100,16.11,US,2023-01-13 21:42:18
459,Voyvozh,62.892,54.9635,20.93,93,100,11.99,RU,2023-01-13 21:43:25
460,Aykhal,66.0,111.5,-47.15,100,100,3.31,RU,2023-01-13 21:43:26
461,Kununurra,-15.7667,128.7333,76.98,94,100,1.14,AU,2023-01-13 21:43:26
462,Qinhuangdao,39.9317,119.5883,18.88,24,100,17.69,CN,2023-01-13 21:43:27
463,Wadi Maliz,36.4681,8.5495,47.86,89,86,6.17,TN,2023-01-13 21:44:27
464,Talara,-4.5772,-81.2719,83.16,54,0,11.5,PE,2023-01-13 21:44:28
465,Omsukchan,62.5333,155.8,-23.39,94,100,6.8,RU,2023-01-13 21:44:28
466,Pontes E Lacerda,-15.2261,-59.3353,78.64,80,83,6.96,BR,2023-01-13 21:44:29
467,Snyder,32.7179,-100.9176,61.32,18,0,10.36,US,2023-01-13 21:44:29
468,Komsomolsk,49.0097,33.6455,25.75,94,84,5.46,UA,2023-01-13 21:44:30
469,Yorosso,12.3536,-4.7761,72.93,16,1,7.99,ML,2023-01-13 21:44:31
470,Saint-Augustin,51.226,-58.6502,20.52,97,100,2.75,CA,2023-01-13 21:44:31
471,Alice Town,25.7167,-79.3,75.07,71,2,27.4,BS,2023-01-13 21:44:32
472,Shyroke,47.6917,33.2571,26.56,94,89,5.61,UA,2023-01-13 21:44:32
473,Providencia,28.7167,-111.5833,84.42,25,27,8.01,MX,2023-01-13 21:44:33
474,Palembang,-2.9167,104.7458,75.29,100,91,0.0,ID,2023-01-13 21:44:33
475,Aberystwyth,52.4155,-4.0829,47.89,89,100,19.75,GB,2023-01-13 21:43:39
476,Hirara,24.8,125.2833,71.87,88,75,11.5,JP,2023-01-13 21:44:34
477,Kathu,7.9178,98.3332,75.02,80,88,8.66,TH,2023-01-13 21:44:34
478,Puerto Escondido,15.85,-97.0667,83.64,57,7,6.22,MX,2023-01-13 21:44:35
479,Koraput,18.8167,82.7167,57.11,40,6,2.06,IN,2023-01-13 21:44:35
480,Flinders,-34.5833,150.8552,73.26,85,94,5.99,AU,2023-01-13 21:44:36
481,Marshall,34.3834,-86.3333,40.32,72,100,13.8,US,2023-01-13 21:41:24
482,Khandbari,27.3747,87.2039,47.3,55,3,3.51,NP,2023-01-13 21:44:36
483,Alice Springs,-23.7,133.8833,71.15,83,0,1.14,AU,2023-01-13 21:44:37
484,Algeciras,36.1333,-5.4505,58.68,72,2,6.91,ES,2023-01-13 21:41:58
485,Ilorin,8.5,4.55,81.95,16,58,5.88,NG,2023-01-13 21:44:38
486,Chilca,-12.5211,-76.7372,68.11,84,100,4.03,PE,2023-01-13 21:44:38
487,Kijang,35.2442,129.2139,55.13,91,100,10.96,KR,2023-01-13 21:44:38
488,Shingu,33.7333,135.9833,62.71,96,100,14.92,JP,2023-01-13 21:41:05
489,Kaya,13.0917,-1.0844,70.25,16,0,9.66,BF,2023-01-13 21:44:39
490,Saldanha,-33.0117,17.9442,66.25,89,7,16.71,ZA,2023-01-13 21:44:40
491,Abha,18.2164,42.5053,55.22,62,0,0.0,SA,2023-01-13 21:44:40
492,Panguna,-6.3164,155.4848,74.43,81,86,2.24,PG,2023-01-13 21:44:41
493,Warrnambool,-38.3833,142.4833,67.75,79,0,8.72,AU,2023-01-13 21:39:51
494,Miltenberg,49.7039,9.2644,48.09,80,61,7.0,DE,2023-01-13 21:44:41
495,Peniche,39.3558,-9.3811,53.46,93,100,7.14,PT,2023-01-13 21:41:37
496,Arman,59.7,150.1667,-10.82,95,100,9.64,RU,2023-01-13 21:44:42
497,Vrangel,42.7297,133.0839,17.33,43,96,20.49,RU,2023-01-13 21:44:42
498,Hambantota,6.1241,81.1185,71.94,100,0,3.44,LK,2023-01-13 21:44:43
499,Greensburg,40.3015,-79.5389,32.11,88,100,10.36,US,2023-01-13 21:41:38
500,Garissa,-0.4536,39.6401,77.72,63,2,12.68,KE,2023-01-13 21:44:43
501,Kisesa,-3.0833,34.15,61.32,88,55,4.76,TZ,2023-01-13 21:44:44
502,Beringovskiy,63.05,179.3167,-7.02,97,100,15.77,RU,2023-01-13 21:44:44
503,Jalu,29.0331,21.5482,55.98,77,20,9.06,LY,2023-01-13 21:44:45
504,Moletai,55.2333,25.4167,36.64,97,100,11.18,LT,2023-01-13 21:44:45
505,Lahat,-3.8,103.5333,71.74,97,87,1.63,ID,2023-01-13 21:43:52
506,Finnsnes,69.2296,17.9811,25.75,96,64,4.03,NO,2023-01-13 21:44:46
507,Pagudpud,18.5616,120.7868,73.92,78,95,1.81,PH,2023-01-13 21:44:46
508,Naze,28.3667,129.4833,68.92,82,100,16.6,JP,2023-01-13 21:44:46
509,Katy,29.7858,-95.8244,63.75,27,0,11.5,US,2023-01-13 21:44:02
510,Bodden Town,19.2833,-81.25,82.4,63,20,6.91,KY,2023-01-13 21:44:47
511,Mattru,7.6244,-11.8332,74.73,83,77,3.24,SL,2023-01-13 21:45:47
512,Dhidhdhoo,6.8833,73.1,78.98,65,12,6.17,MV,2023-01-13 21:45:48
513,Russell,32.3502,-85.1999,44.2,61,100,16.11,US,2023-01-13 21:45:48
514,Yetkul,54.8221,61.588,6.96,76,43,8.97,RU,2023-01-13 21:45:49
515,Mnogovershinnyy,53.9353,139.9242,-31.88,90,13,5.1,RU,2023-01-13 21:45:49
516,Minna,9.6139,6.5569,80.76,15,82,10.74,NG,2023-01-13 21:45:50
517,Nouakchott,18.0858,-15.9785,71.53,26,66,9.44,MR,2023-01-13 21:45:50
518,Koslan,63.4564,48.8989,23.7,93,100,10.4,RU,2023-01-13 21:45:50
519,Vancouver,49.2497,-123.1193,52.75,96,75,10.36,CA,2023-01-13 21:42:04
520,Mercedes,-34.6515,-59.4307,83.86,12,1,12.93,AR,2023-01-13 21:43:03
521,Puerto Maldonado,-12.6,-69.1833,88.2,58,20,8.05,PE,2023-01-13 21:45:51
522,Yeppoon,-23.1333,150.7333,69.58,79,100,16.78,AU,2023-01-13 21:45:52
523,Saryagash,41.4511,69.1701,-0.44,87,5,3.53,KZ,2023-01-13 21:45:52
524,Twentynine Palms,34.1356,-116.0542,66.25,32,100,3.0,US,2023-01-13 21:45:53
525,Mabaruma,8.2,-59.7833,72.14,98,23,3.36,GY,2023-01-13 21:45:53
526,Tooele,40.5308,-112.2983,47.86,71,100,6.8,US,2023-01-13 21:41:38
527,Mersing,2.4312,103.8405,75.11,94,40,3.44,MY,2023-01-13 21:45:53
528,Lazaro Cardenas,17.9583,-102.2,83.08,61,0,8.88,MX,2023-01-13 21:45:54
529,Los Llanos De Aridane,28.6585,-17.9182,62.35,73,75,11.5,ES,2023-01-13 21:45:54
530,San Rafael,-34.6177,-68.3301,87.24,19,3,13.89,AR,2023-01-13 21:45:55
531,Madang,-5.2246,145.7966,78.22,87,92,4.12,PG,2023-01-13 21:45:55
532,Ballina,-28.8667,153.5667,72.01,89,88,9.24,AU,2023-01-13 21:45:55
533,Rawson,-43.3002,-65.1023,79.54,31,0,16.96,AR,2023-01-13 21:45:56
534,Litovko,49.2361,135.1742,-11.33,86,70,7.02,RU,2023-01-13 21:45:56
535,Ekibastuz,51.6667,75.3667,2.97,77,25,18.97,KZ,2023-01-13 21:45:57
536,Chipinge,-20.1883,32.6236,63.18,83,20,3.98,ZW,2023-01-13 21:45:57
537,Sept-Iles,50.2001,-66.3821,23.0,92,100,13.8,CA,2023-01-13 21:45:52
538,Maindargi,17.4667,76.3,68.9,29,31,5.64,IN,2023-01-13 21:45:58
539,Choix,26.7092,-108.3219,90.54,10,5,7.25,MX,2023-01-13 21:45:58
540,San Pedro,14.35,121.0167,76.23,84,75,4.61,PH,2023-01-13 21:45:59
541,Yumen,40.2833,97.2,4.59,47,52,2.15,CN,2023-01-13 21:45:59
542,Marathon,44.9,-89.7668,22.66,82,100,6.91,US,2023-01-13 21:46:00
543,Howard Springs,-12.497,131.047,82.31,82,100,3.4,AU,2023-01-13 21:46:00
544,Wilmington,34.2257,-77.9447,57.94,60,100,5.01,US,2023-01-13 21:41:32
545,Usatove,46.533,30.6596,33.62,77,89,5.35,UA,2023-01-13 21:46:01
546,Panaba,21.2833,-88.2667,73.49,55,92,16.02,MX,2023-01-13 21:46:01
547,Grand Gaube,-20.0064,57.6608,77.4,70,73,3.0,MU,2023-01-13 21:46:02
548,Fort Nelson,58.8053,-122.7002,8.94,90,100,4.61,CA,2023-01-13 21:45:28
549,Manggar,-2.8833,108.2667,77.2,86,82,4.97,ID,2023-01-13 21:46:03
550,Vuktyl,63.8567,57.3094,20.7,95,100,11.39,RU,2023-01-13 21:46:03
551,El Dorado,38.7666,-120.5177,42.42,92,100,1.99,US,2023-01-13 21:45:34
552,Terrace Bay,48.7834,-87.1,7.38,77,6,1.61,CA,2023-01-13 21:46:04
553,Benjamin Constant,-4.3831,-70.0311,84.33,69,0,4.61,BR,2023-01-13 21:46:04
554,Kathmandu,27.7167,85.3167,43.02,87,20,0.0,NP,2023-01-13 21:46:05
555,Little Current,45.9793,-81.9248,18.46,64,41,3.0,CA,2023-01-13 21:44:14
556,Susanville,40.4163,-120.653,46.24,76,75,8.01,US,2023-01-13 21:45:53
